"group","region_name","position_hg38","MethPct_mean_ctrlPop","MethPct_mean_ZH2005406k1","MethPct_mean_ZH1609094r1","MethPct_mean_ZH1713138m1","MethPct_difference_ZH2005406k1","MethPct_difference_ZH1609094r1","MethPct_difference_ZH1713138m1"
"PHP","GNAS A/B:TSS-DMR","chr20:58888210-58890120",53.2311045364891,49.6972972972973,11.8837837837838,42.8594594594595,-3.53380723919185,-41.3473207527054,-10.3716450770297
"BWS; PHP","GNAS-AS1:TSS-DMR","chr20:58850924-58852977",46.2550693568726,43.7745762711864,31.8305084745763,37.5338983050847,-2.4804930856862,-14.4245608822964,-8.72117105178789
"BWS; PHP; SRS","GNAS-NESP:TSS-DMR","chr20:58838984-58842960",51.7023076923077,44.4416666666667,39.5125,40.4166666666667,-7.26064102564102,-12.1898076923077,-11.285641025641
"PHP","GNAS-XL:Ex1-DMR","chr20:58854222-58856248",55.6674358974359,50.9666666666667,45.7166666666667,46.6333333333333,-4.70076923076923,-9.95076923076923,-9.03410256410257
"BWS; SRS","H19/IGF2:IG-DMR","chr11:1997849-2002896",55.6353801431127,50.2404761904762,45.4857142857143,47.0547619047619,-5.3949039526365,-10.1496658573984,-8.58061823835079
"BWS; SRS","IGF2:Ex9-DMR","chr11:2132761-2133722",47.1139957264957,55.6444444444444,47.6333333333333,48.1333333333333,8.53044871794872,0.519337606837603,1.0193376068376
"KOS14; MLID; PHP; TS14","MEG3:TSS-DMR","chr14:100824219-100827519",53.7889027149321,48.5529411764706,41.4294117647059,44.1529411764706,-5.23596153846154,-12.3594909502262,-9.63596153846154
