"group","region_name","position_hg38","MethPct_mean_ctrlPop","MethPct_mean_ZH1609094r1","MethPct_mean_ZH1712576ms2","MethPct_difference_ZH1609094r1","MethPct_difference_ZH1712576ms2"
"PHP","GNAS A/B:TSS-DMR","chr20:58888210-58890120",53.2311045364891,11.8837837837838,10.5837837837838,-41.3473207527054,-42.6473207527054
"BWS; PHP","GNAS-AS1:TSS-DMR","chr20:58850924-58852977",46.2550693568726,31.8305084745763,9.48813559322034,-14.4245608822964,-36.7669337636523
"BWS; PHP; SRS","GNAS-NESP:TSS-DMR","chr20:58838984-58842960",51.7023076923077,39.5125,80.825,-12.1898076923077,29.1226923076923
"PHP","GNAS-XL:Ex1-DMR","chr20:58854222-58856248",55.6674358974359,45.7166666666667,16.7333333333333,-9.95076923076923,-38.9341025641026
"BWS; SRS","H19/IGF2:IG-DMR","chr11:1997849-2002896",55.6353801431127,45.4857142857143,45.0214285714286,-10.1496658573984,-10.6139515716841
"BWS; SRS","IGF2:Ex9-DMR","chr11:2132761-2133722",47.1139957264957,47.6333333333333,47.8888888888889,0.519337606837603,0.774893162393155
"KOS14; MLID; PHP; TS14","MEG3:TSS-DMR","chr14:100824219-100827519",53.7889027149321,41.4294117647059,43.1323529411765,-12.3594909502262,-10.6565497737557
